"","Year","variable","value","Month"
"1",1950,"Jan",0.92,"Jan"
"2",1951,"Jan",0.08,"Jan"
"3",1952,"Jan",0.93,"Jan"
"4",1953,"Jan",0.33,"Jan"
"5",1954,"Jan",0.37,"Jan"
"6",1955,"Jan",-1.84,"Jan"
"7",1956,"Jan",-0.22,"Jan"
"8",1957,"Jan",1.05,"Jan"
"9",1958,"Jan",-0.54,"Jan"
"10",1959,"Jan",-0.87,"Jan"
"11",1960,"Jan",-1.29,"Jan"
"12",1961,"Jan",0.41,"Jan"
"13",1962,"Jan",0.61,"Jan"
"14",1963,"Jan",-2.12,"Jan"
"15",1964,"Jan",-0.95,"Jan"
"16",1965,"Jan",-0.12,"Jan"
"17",1966,"Jan",-1.74,"Jan"
"18",1967,"Jan",-0.89,"Jan"
"19",1968,"Jan",0.13,"Jan"
"20",1969,"Jan",-0.83,"Jan"
"21",1970,"Jan",-1.5,"Jan"
"22",1971,"Jan",-1.13,"Jan"
"23",1972,"Jan",0.27,"Jan"
"24",1973,"Jan",0.04,"Jan"
"25",1974,"Jan",1.34,"Jan"
"26",1975,"Jan",0.58,"Jan"
"27",1976,"Jan",-0.25,"Jan"
"28",1977,"Jan",-1.04,"Jan"
"29",1978,"Jan",0.66,"Jan"
"30",1979,"Jan",-1.38,"Jan"
"31",1980,"Jan",-0.75,"Jan"
"32",1981,"Jan",0.37,"Jan"
"33",1982,"Jan",-0.89,"Jan"
"34",1983,"Jan",1.59,"Jan"
"35",1984,"Jan",1.66,"Jan"
"36",1985,"Jan",-1.61,"Jan"
"37",1986,"Jan",1.11,"Jan"
"38",1987,"Jan",-1.15,"Jan"
"39",1988,"Jan",1.02,"Jan"
"40",1989,"Jan",1.17,"Jan"
"41",1990,"Jan",1.04,"Jan"
"42",1991,"Jan",0.86,"Jan"
"43",1992,"Jan",-0.13,"Jan"
"44",1993,"Jan",1.6,"Jan"
"45",1994,"Jan",1.04,"Jan"
"46",1995,"Jan",0.93,"Jan"
"47",1996,"Jan",-0.12,"Jan"
"48",1997,"Jan",-0.49,"Jan"
"49",1998,"Jan",0.39,"Jan"
"50",1999,"Jan",0.77,"Jan"
"51",2000,"Jan",0.6,"Jan"
"52",2001,"Jan",0.25,"Jan"
"53",2002,"Jan",0.44,"Jan"
"54",2003,"Jan",0.16,"Jan"
"55",2004,"Jan",-0.29,"Jan"
"56",2005,"Jan",1.52,"Jan"
"57",2006,"Jan",1.27,"Jan"
"58",2007,"Jan",0.22,"Jan"
"59",2008,"Jan",0.89,"Jan"
"60",2009,"Jan",-0.01,"Jan"
"61",2010,"Jan",-1.11,"Jan"
"62",2011,"Jan",-0.88,"Jan"
"63",2012,"Jan",1.17,"Jan"
"64",2013,"Jan",0.35,"Jan"
"65",2014,"Jan",0.29,"Jan"
"66",2015,"Jan",1.79,"Jan"
"67",2016,"Jan",0.12,"Jan"
"68",2017,"Jan",0.48,"Jan"
"69",2018,"Jan",1.44,"Jan"
"70",1950,"Feb",0.4,"Feb"
"71",1951,"Feb",0.7,"Feb"
"72",1952,"Feb",-0.83,"Feb"
"73",1953,"Feb",-0.49,"Feb"
"74",1954,"Feb",0.74,"Feb"
"75",1955,"Feb",-1.12,"Feb"
"76",1956,"Feb",-1.12,"Feb"
"77",1957,"Feb",0.11,"Feb"
"78",1958,"Feb",-1.06,"Feb"
"79",1959,"Feb",0.68,"Feb"
"80",1960,"Feb",-1.89,"Feb"
"81",1961,"Feb",0.45,"Feb"
"82",1962,"Feb",0.55,"Feb"
"83",1963,"Feb",-0.96,"Feb"
"84",1964,"Feb",-1.43,"Feb"
"85",1965,"Feb",-1.55,"Feb"
"86",1966,"Feb",-1.39,"Feb"
"87",1967,"Feb",0.19,"Feb"
"88",1968,"Feb",-1.29,"Feb"
"89",1969,"Feb",-1.55,"Feb"
"90",1970,"Feb",0.64,"Feb"
"91",1971,"Feb",0.24,"Feb"
"92",1972,"Feb",0.32,"Feb"
"93",1973,"Feb",0.85,"Feb"
"94",1974,"Feb",-0.14,"Feb"
"95",1975,"Feb",-0.62,"Feb"
"96",1976,"Feb",0.93,"Feb"
"97",1977,"Feb",-0.49,"Feb"
"98",1978,"Feb",-2.2,"Feb"
"99",1979,"Feb",-0.67,"Feb"
"100",1980,"Feb",0.05,"Feb"
"101",1981,"Feb",0.92,"Feb"
"102",1982,"Feb",1.15,"Feb"
"103",1983,"Feb",-0.53,"Feb"
"104",1984,"Feb",0.72,"Feb"
"105",1985,"Feb",-0.49,"Feb"
"106",1986,"Feb",-1,"Feb"
"107",1987,"Feb",-0.73,"Feb"
"108",1988,"Feb",0.76,"Feb"
"109",1989,"Feb",2,"Feb"
"110",1990,"Feb",1.41,"Feb"
"111",1991,"Feb",1.04,"Feb"
"112",1992,"Feb",1.07,"Feb"
"113",1993,"Feb",0.5,"Feb"
"114",1994,"Feb",0.46,"Feb"
"115",1995,"Feb",1.14,"Feb"
"116",1996,"Feb",-0.07,"Feb"
"117",1997,"Feb",1.7,"Feb"
"118",1998,"Feb",-0.11,"Feb"
"119",1999,"Feb",0.29,"Feb"
"120",2000,"Feb",1.7,"Feb"
"121",2001,"Feb",0.45,"Feb"
"122",2002,"Feb",1.1,"Feb"
"123",2003,"Feb",0.62,"Feb"
"124",2004,"Feb",-0.14,"Feb"
"125",2005,"Feb",-0.06,"Feb"
"126",2006,"Feb",-0.51,"Feb"
"127",2007,"Feb",-0.47,"Feb"
"128",2008,"Feb",0.73,"Feb"
"129",2009,"Feb",0.06,"Feb"
"130",2010,"Feb",-1.98,"Feb"
"131",2011,"Feb",0.7,"Feb"
"132",2012,"Feb",0.42,"Feb"
"133",2013,"Feb",-0.45,"Feb"
"134",2014,"Feb",1.34,"Feb"
"135",2015,"Feb",1.32,"Feb"
"136",2016,"Feb",1.58,"Feb"
"137",2017,"Feb",1,"Feb"
"138",2018,"Feb",1.58,"Feb"
"139",1950,"Mar",-0.36,"Mar"
"140",1951,"Mar",-1.02,"Mar"
"141",1952,"Mar",-1.49,"Mar"
"142",1953,"Mar",-0.04,"Mar"
"143",1954,"Mar",-0.83,"Mar"
"144",1955,"Mar",-0.53,"Mar"
"145",1956,"Mar",-0.05,"Mar"
"146",1957,"Mar",-1.26,"Mar"
"147",1958,"Mar",-1.96,"Mar"
"148",1959,"Mar",-0.15,"Mar"
"149",1960,"Mar",-0.5,"Mar"
"150",1961,"Mar",0.55,"Mar"
"151",1962,"Mar",-2.47,"Mar"
"152",1963,"Mar",-0.43,"Mar"
"153",1964,"Mar",-1.2,"Mar"
"154",1965,"Mar",-1.51,"Mar"
"155",1966,"Mar",0.56,"Mar"
"156",1967,"Mar",1.51,"Mar"
"157",1968,"Mar",0.4,"Mar"
"158",1969,"Mar",-1.56,"Mar"
"159",1970,"Mar",-0.96,"Mar"
"160",1971,"Mar",-0.84,"Mar"
"161",1972,"Mar",0.72,"Mar"
"162",1973,"Mar",0.3,"Mar"
"163",1974,"Mar",-0.03,"Mar"
"164",1975,"Mar",-0.61,"Mar"
"165",1976,"Mar",0.75,"Mar"
"166",1977,"Mar",-0.81,"Mar"
"167",1978,"Mar",0.7,"Mar"
"168",1979,"Mar",0.78,"Mar"
"169",1980,"Mar",-0.31,"Mar"
"170",1981,"Mar",-1.19,"Mar"
"171",1982,"Mar",1.15,"Mar"
"172",1983,"Mar",0.95,"Mar"
"173",1984,"Mar",-0.37,"Mar"
"174",1985,"Mar",0.2,"Mar"
"175",1986,"Mar",1.71,"Mar"
"176",1987,"Mar",0.14,"Mar"
"177",1988,"Mar",-0.17,"Mar"
"178",1989,"Mar",1.85,"Mar"
"179",1990,"Mar",1.46,"Mar"
"180",1991,"Mar",-0.2,"Mar"
"181",1992,"Mar",0.87,"Mar"
"182",1993,"Mar",0.67,"Mar"
"183",1994,"Mar",1.26,"Mar"
"184",1995,"Mar",1.25,"Mar"
"185",1996,"Mar",-0.24,"Mar"
"186",1997,"Mar",1.46,"Mar"
"187",1998,"Mar",0.87,"Mar"
"188",1999,"Mar",0.23,"Mar"
"189",2000,"Mar",0.77,"Mar"
"190",2001,"Mar",-1.26,"Mar"
"191",2002,"Mar",0.69,"Mar"
"192",2003,"Mar",0.32,"Mar"
"193",2004,"Mar",1.02,"Mar"
"194",2005,"Mar",-1.83,"Mar"
"195",2006,"Mar",-1.28,"Mar"
"196",2007,"Mar",1.44,"Mar"
"197",2008,"Mar",0.08,"Mar"
"198",2009,"Mar",0.57,"Mar"
"199",2010,"Mar",-0.88,"Mar"
"200",2011,"Mar",0.61,"Mar"
"201",2012,"Mar",1.27,"Mar"
"202",2013,"Mar",-1.61,"Mar"
"203",2014,"Mar",0.8,"Mar"
"204",2015,"Mar",1.45,"Mar"
"205",2016,"Mar",0.73,"Mar"
"206",2017,"Mar",0.74,"Mar"
"207",2018,"Mar",-0.93,"Mar"
"208",1950,"Apr",0.73,"Apr"
"209",1951,"Apr",-0.22,"Apr"
"210",1952,"Apr",1.01,"Apr"
"211",1953,"Apr",-1.67,"Apr"
"212",1954,"Apr",1.34,"Apr"
"213",1955,"Apr",-0.42,"Apr"
"214",1956,"Apr",-1.06,"Apr"
"215",1957,"Apr",0.49,"Apr"
"216",1958,"Apr",0.37,"Apr"
"217",1959,"Apr",0.36,"Apr"
"218",1960,"Apr",1.36,"Apr"
"219",1961,"Apr",-1.55,"Apr"
"220",1962,"Apr",0.99,"Apr"
"221",1963,"Apr",-1.35,"Apr"
"222",1964,"Apr",0.36,"Apr"
"223",1965,"Apr",0.72,"Apr"
"224",1966,"Apr",-0.75,"Apr"
"225",1967,"Apr",0.18,"Apr"
"226",1968,"Apr",-1.08,"Apr"
"227",1969,"Apr",1.53,"Apr"
"228",1970,"Apr",-1.3,"Apr"
"229",1971,"Apr",-0.24,"Apr"
"230",1972,"Apr",-0.22,"Apr"
"231",1973,"Apr",-0.54,"Apr"
"232",1974,"Apr",0.51,"Apr"
"233",1975,"Apr",-1.6,"Apr"
"234",1976,"Apr",0.26,"Apr"
"235",1977,"Apr",0.65,"Apr"
"236",1978,"Apr",-1.17,"Apr"
"237",1979,"Apr",-1.71,"Apr"
"238",1980,"Apr",1.29,"Apr"
"239",1981,"Apr",0.36,"Apr"
"240",1982,"Apr",0.1,"Apr"
"241",1983,"Apr",-0.85,"Apr"
"242",1984,"Apr",-0.28,"Apr"
"243",1985,"Apr",0.32,"Apr"
"244",1986,"Apr",-0.59,"Apr"
"245",1987,"Apr",2,"Apr"
"246",1988,"Apr",-1.17,"Apr"
"247",1989,"Apr",0.28,"Apr"
"248",1990,"Apr",2,"Apr"
"249",1991,"Apr",0.29,"Apr"
"250",1992,"Apr",1.86,"Apr"
"251",1993,"Apr",0.97,"Apr"
"252",1994,"Apr",1.14,"Apr"
"253",1995,"Apr",-0.85,"Apr"
"254",1996,"Apr",-0.17,"Apr"
"255",1997,"Apr",-1.02,"Apr"
"256",1998,"Apr",-0.68,"Apr"
"257",1999,"Apr",-0.95,"Apr"
"258",2000,"Apr",-0.03,"Apr"
"259",2001,"Apr",0,"Apr"
"260",2002,"Apr",1.18,"Apr"
"261",2003,"Apr",-0.18,"Apr"
"262",2004,"Apr",1.15,"Apr"
"263",2005,"Apr",-0.3,"Apr"
"264",2006,"Apr",1.24,"Apr"
"265",2007,"Apr",0.17,"Apr"
"266",2008,"Apr",-1.07,"Apr"
"267",2009,"Apr",-0.2,"Apr"
"268",2010,"Apr",-0.72,"Apr"
"269",2011,"Apr",2.48,"Apr"
"270",2012,"Apr",0.47,"Apr"
"271",2013,"Apr",0.69,"Apr"
"272",2014,"Apr",0.31,"Apr"
"273",2015,"Apr",0.73,"Apr"
"274",2016,"Apr",0.38,"Apr"
"275",2017,"Apr",1.73,"Apr"
"276",2018,"Apr",1.24,"Apr"
"277",1950,"May",-0.59,"May"
"278",1951,"May",-0.59,"May"
"279",1952,"May",-1.12,"May"
"280",1953,"May",-0.66,"May"
"281",1954,"May",-0.09,"May"
"282",1955,"May",-0.34,"May"
"283",1956,"May",2.21,"May"
"284",1957,"May",-0.79,"May"
"285",1958,"May",-0.24,"May"
"286",1959,"May",0.39,"May"
"287",1960,"May",0.45,"May"
"288",1961,"May",-0.36,"May"
"289",1962,"May",-0.1,"May"
"290",1963,"May",2.16,"May"
"291",1964,"May",0.52,"May"
"292",1965,"May",-0.62,"May"
"293",1966,"May",0.22,"May"
"294",1967,"May",-0.99,"May"
"295",1968,"May",-1.76,"May"
"296",1969,"May",0.55,"May"
"297",1970,"May",1.14,"May"
"298",1971,"May",0.5,"May"
"299",1972,"May",0.95,"May"
"300",1973,"May",-0.44,"May"
"301",1974,"May",-0.24,"May"
"302",1975,"May",-0.52,"May"
"303",1976,"May",0.96,"May"
"304",1977,"May",-0.86,"May"
"305",1978,"May",1.08,"May"
"306",1979,"May",-1.03,"May"
"307",1980,"May",-1.5,"May"
"308",1981,"May",0.2,"May"
"309",1982,"May",-0.53,"May"
"310",1983,"May",-0.07,"May"
"311",1984,"May",0.54,"May"
"312",1985,"May",-0.49,"May"
"313",1986,"May",0.85,"May"
"314",1987,"May",0.98,"May"
"315",1988,"May",0.63,"May"
"316",1989,"May",1.38,"May"
"317",1990,"May",-1.53,"May"
"318",1991,"May",0.08,"May"
"319",1992,"May",2.63,"May"
"320",1993,"May",-0.78,"May"
"321",1994,"May",-0.57,"May"
"322",1995,"May",-1.49,"May"
"323",1996,"May",-1.06,"May"
"324",1997,"May",-0.28,"May"
"325",1998,"May",-1.32,"May"
"326",1999,"May",0.92,"May"
"327",2000,"May",1.58,"May"
"328",2001,"May",-0.02,"May"
"329",2002,"May",-0.22,"May"
"330",2003,"May",0.01,"May"
"331",2004,"May",0.19,"May"
"332",2005,"May",-1.25,"May"
"333",2006,"May",-1.14,"May"
"334",2007,"May",0.66,"May"
"335",2008,"May",-1.73,"May"
"336",2009,"May",1.68,"May"
"337",2010,"May",-1.49,"May"
"338",2011,"May",-0.06,"May"
"339",2012,"May",-0.91,"May"
"340",2013,"May",0.57,"May"
"341",2014,"May",-0.92,"May"
"342",2015,"May",0.15,"May"
"343",2016,"May",-0.77,"May"
"344",2017,"May",-1.91,"May"
"345",2018,"May",2.12,"May"
"346",1950,"Jun",-0.06,"Jun"
"347",1951,"Jun",-1.64,"Jun"
"348",1952,"Jun",-0.4,"Jun"
"349",1953,"Jun",1.09,"Jun"
"350",1954,"Jun",-0.25,"Jun"
"351",1955,"Jun",-1.1,"Jun"
"352",1956,"Jun",0.1,"Jun"
"353",1957,"Jun",-0.72,"Jun"
"354",1958,"Jun",-1.38,"Jun"
"355",1959,"Jun",0.4,"Jun"
"356",1960,"Jun",-0.21,"Jun"
"357",1961,"Jun",0.86,"Jun"
"358",1962,"Jun",0.16,"Jun"
"359",1963,"Jun",-0.43,"Jun"
"360",1964,"Jun",1.29,"Jun"
"361",1965,"Jun",0.29,"Jun"
"362",1966,"Jun",1.05,"Jun"
"363",1967,"Jun",1.4,"Jun"
"364",1968,"Jun",0.33,"Jun"
"365",1969,"Jun",0.55,"Jun"
"366",1970,"Jun",1.55,"Jun"
"367",1971,"Jun",-1.57,"Jun"
"368",1972,"Jun",0.88,"Jun"
"369",1973,"Jun",0.39,"Jun"
"370",1974,"Jun",-0.14,"Jun"
"371",1975,"Jun",-0.84,"Jun"
"372",1976,"Jun",0.8,"Jun"
"373",1977,"Jun",-0.57,"Jun"
"374",1978,"Jun",1.38,"Jun"
"375",1979,"Jun",1.6,"Jun"
"376",1980,"Jun",-0.37,"Jun"
"377",1981,"Jun",-0.45,"Jun"
"378",1982,"Jun",-1.63,"Jun"
"379",1983,"Jun",0.99,"Jun"
"380",1984,"Jun",-0.42,"Jun"
"381",1985,"Jun",-0.8,"Jun"
"382",1986,"Jun",1.22,"Jun"
"383",1987,"Jun",-1.82,"Jun"
"384",1988,"Jun",0.88,"Jun"
"385",1989,"Jun",-0.27,"Jun"
"386",1990,"Jun",-0.02,"Jun"
"387",1991,"Jun",-0.82,"Jun"
"388",1992,"Jun",0.2,"Jun"
"389",1993,"Jun",-0.59,"Jun"
"390",1994,"Jun",1.52,"Jun"
"391",1995,"Jun",0.13,"Jun"
"392",1996,"Jun",0.56,"Jun"
"393",1997,"Jun",-1.47,"Jun"
"394",1998,"Jun",-2.72,"Jun"
"395",1999,"Jun",1.12,"Jun"
"396",2000,"Jun",-0.03,"Jun"
"397",2001,"Jun",-0.2,"Jun"
"398",2002,"Jun",0.38,"Jun"
"399",2003,"Jun",-0.07,"Jun"
"400",2004,"Jun",-0.89,"Jun"
"401",2005,"Jun",-0.05,"Jun"
"402",2006,"Jun",0.84,"Jun"
"403",2007,"Jun",-1.31,"Jun"
"404",2008,"Jun",-1.39,"Jun"
"405",2009,"Jun",-1.21,"Jun"
"406",2010,"Jun",-0.82,"Jun"
"407",2011,"Jun",-1.28,"Jun"
"408",2012,"Jun",-2.53,"Jun"
"409",2013,"Jun",0.52,"Jun"
"410",2014,"Jun",-0.97,"Jun"
"411",2015,"Jun",-0.07,"Jun"
"412",2016,"Jun",-0.43,"Jun"
"413",2017,"Jun",0.05,"Jun"
"414",2018,"Jun",1.09,"Jun"
"415",1950,"Jul",-1.26,"Jul"
"416",1951,"Jul",1.37,"Jul"
"417",1952,"Jul",-0.09,"Jul"
"418",1953,"Jul",0.4,"Jul"
"419",1954,"Jul",-0.6,"Jul"
"420",1955,"Jul",1.76,"Jul"
"421",1956,"Jul",-0.75,"Jul"
"422",1957,"Jul",-1.19,"Jul"
"423",1958,"Jul",-1.73,"Jul"
"424",1959,"Jul",0.74,"Jul"
"425",1960,"Jul",0.35,"Jul"
"426",1961,"Jul",-0.39,"Jul"
"427",1962,"Jul",-2.47,"Jul"
"428",1963,"Jul",-0.77,"Jul"
"429",1964,"Jul",1.9,"Jul"
"430",1965,"Jul",0.32,"Jul"
"431",1966,"Jul",0.32,"Jul"
"432",1967,"Jul",0.41,"Jul"
"433",1968,"Jul",-0.8,"Jul"
"434",1969,"Jul",0.57,"Jul"
"435",1970,"Jul",0.1,"Jul"
"436",1971,"Jul",0.24,"Jul"
"437",1972,"Jul",0.18,"Jul"
"438",1973,"Jul",0.57,"Jul"
"439",1974,"Jul",-0.76,"Jul"
"440",1975,"Jul",1.55,"Jul"
"441",1976,"Jul",-0.32,"Jul"
"442",1977,"Jul",-0.45,"Jul"
"443",1978,"Jul",-1.14,"Jul"
"444",1979,"Jul",0.83,"Jul"
"445",1980,"Jul",-0.42,"Jul"
"446",1981,"Jul",0.05,"Jul"
"447",1982,"Jul",1.15,"Jul"
"448",1983,"Jul",1.19,"Jul"
"449",1984,"Jul",-0.07,"Jul"
"450",1985,"Jul",1.22,"Jul"
"451",1986,"Jul",0.12,"Jul"
"452",1987,"Jul",0.52,"Jul"
"453",1988,"Jul",-0.35,"Jul"
"454",1989,"Jul",0.97,"Jul"
"455",1990,"Jul",0.53,"Jul"
"456",1991,"Jul",-0.49,"Jul"
"457",1992,"Jul",0.16,"Jul"
"458",1993,"Jul",-3.18,"Jul"
"459",1994,"Jul",1.31,"Jul"
"460",1995,"Jul",-0.22,"Jul"
"461",1996,"Jul",0.67,"Jul"
"462",1997,"Jul",0.34,"Jul"
"463",1998,"Jul",-0.48,"Jul"
"464",1999,"Jul",-0.9,"Jul"
"465",2000,"Jul",-1.03,"Jul"
"466",2001,"Jul",-0.25,"Jul"
"467",2002,"Jul",0.62,"Jul"
"468",2003,"Jul",0.13,"Jul"
"469",2004,"Jul",1.13,"Jul"
"470",2005,"Jul",-0.51,"Jul"
"471",2006,"Jul",0.9,"Jul"
"472",2007,"Jul",-0.58,"Jul"
"473",2008,"Jul",-1.27,"Jul"
"474",2009,"Jul",-2.15,"Jul"
"475",2010,"Jul",-0.42,"Jul"
"476",2011,"Jul",-1.51,"Jul"
"477",2012,"Jul",-1.32,"Jul"
"478",2013,"Jul",0.67,"Jul"
"479",2014,"Jul",0.18,"Jul"
"480",2015,"Jul",-3.18,"Jul"
"481",2016,"Jul",-1.76,"Jul"
"482",2017,"Jul",1.26,"Jul"
"483",2018,"Jul",1.39,"Jul"
"484",1950,"Aug",-0.05,"Aug"
"485",1951,"Aug",-0.22,"Aug"
"486",1952,"Aug",-0.28,"Aug"
"487",1953,"Aug",-0.71,"Aug"
"488",1954,"Aug",-1.9,"Aug"
"489",1955,"Aug",1.07,"Aug"
"490",1956,"Aug",-1.37,"Aug"
"491",1957,"Aug",-0.55,"Aug"
"492",1958,"Aug",-1.56,"Aug"
"493",1959,"Aug",0.06,"Aug"
"494",1960,"Aug",-1.4,"Aug"
"495",1961,"Aug",0.9,"Aug"
"496",1962,"Aug",0.14,"Aug"
"497",1963,"Aug",-0.64,"Aug"
"498",1964,"Aug",-1.77,"Aug"
"499",1965,"Aug",0.45,"Aug"
"500",1966,"Aug",-1.76,"Aug"
"501",1967,"Aug",1.44,"Aug"
"502",1968,"Aug",-0.66,"Aug"
"503",1969,"Aug",-1.45,"Aug"
"504",1970,"Aug",0.1,"Aug"
"505",1971,"Aug",1.55,"Aug"
"506",1972,"Aug",1.32,"Aug"
"507",1973,"Aug",-0.06,"Aug"
"508",1974,"Aug",-0.64,"Aug"
"509",1975,"Aug",-0.26,"Aug"
"510",1976,"Aug",1.92,"Aug"
"511",1977,"Aug",-0.28,"Aug"
"512",1978,"Aug",0.64,"Aug"
"513",1979,"Aug",0.96,"Aug"
"514",1980,"Aug",-2.24,"Aug"
"515",1981,"Aug",0.39,"Aug"
"516",1982,"Aug",0.26,"Aug"
"517",1983,"Aug",1.61,"Aug"
"518",1984,"Aug",1.15,"Aug"
"519",1985,"Aug",-0.48,"Aug"
"520",1986,"Aug",-1.09,"Aug"
"521",1987,"Aug",-0.83,"Aug"
"522",1988,"Aug",0.04,"Aug"
"523",1989,"Aug",0.01,"Aug"
"524",1990,"Aug",0.97,"Aug"
"525",1991,"Aug",1.23,"Aug"
"526",1992,"Aug",0.85,"Aug"
"527",1993,"Aug",0.12,"Aug"
"528",1994,"Aug",0.38,"Aug"
"529",1995,"Aug",0.69,"Aug"
"530",1996,"Aug",1.02,"Aug"
"531",1997,"Aug",0.83,"Aug"
"532",1998,"Aug",-0.02,"Aug"
"533",1999,"Aug",0.39,"Aug"
"534",2000,"Aug",-0.29,"Aug"
"535",2001,"Aug",-0.07,"Aug"
"536",2002,"Aug",0.38,"Aug"
"537",2003,"Aug",-0.07,"Aug"
"538",2004,"Aug",-0.48,"Aug"
"539",2005,"Aug",0.37,"Aug"
"540",2006,"Aug",-1.73,"Aug"
"541",2007,"Aug",-0.14,"Aug"
"542",2008,"Aug",-1.16,"Aug"
"543",2009,"Aug",-0.19,"Aug"
"544",2010,"Aug",-1.22,"Aug"
"545",2011,"Aug",-1.35,"Aug"
"546",2012,"Aug",-0.98,"Aug"
"547",2013,"Aug",0.97,"Aug"
"548",2014,"Aug",-1.68,"Aug"
"549",2015,"Aug",-0.76,"Aug"
"550",2016,"Aug",-1.65,"Aug"
"551",2017,"Aug",-1.1,"Aug"
"552",2018,"Aug",1.97,"Aug"
"553",1950,"Sept",0.25,"Sept"
"554",1951,"Sept",-1.36,"Sept"
"555",1952,"Sept",-0.54,"Sept"
"556",1953,"Sept",-0.35,"Sept"
"557",1954,"Sept",-0.44,"Sept"
"558",1955,"Sept",0.32,"Sept"
"559",1956,"Sept",0.24,"Sept"
"560",1957,"Sept",-1.66,"Sept"
"561",1958,"Sept",-0.07,"Sept"
"562",1959,"Sept",0.88,"Sept"
"563",1960,"Sept",0.39,"Sept"
"564",1961,"Sept",1.24,"Sept"
"565",1962,"Sept",-0.37,"Sept"
"566",1963,"Sept",1.79,"Sept"
"567",1964,"Sept",0.2,"Sept"
"568",1965,"Sept",0.37,"Sept"
"569",1966,"Sept",-0.45,"Sept"
"570",1967,"Sept",0.93,"Sept"
"571",1968,"Sept",-1.92,"Sept"
"572",1969,"Sept",2.07,"Sept"
"573",1970,"Sept",-0.09,"Sept"
"574",1971,"Sept",0.39,"Sept"
"575",1972,"Sept",-0.12,"Sept"
"576",1973,"Sept",-0.3,"Sept"
"577",1974,"Sept",0.82,"Sept"
"578",1975,"Sept",1.56,"Sept"
"579",1976,"Sept",-1.29,"Sept"
"580",1977,"Sept",0.37,"Sept"
"581",1978,"Sept",0.46,"Sept"
"582",1979,"Sept",1.01,"Sept"
"583",1980,"Sept",0.66,"Sept"
"584",1981,"Sept",-1.45,"Sept"
"585",1982,"Sept",1.76,"Sept"
"586",1983,"Sept",-1.12,"Sept"
"587",1984,"Sept",0.17,"Sept"
"588",1985,"Sept",-0.52,"Sept"
"589",1986,"Sept",-1.12,"Sept"
"590",1987,"Sept",-1.22,"Sept"
"591",1988,"Sept",-0.99,"Sept"
"592",1989,"Sept",2.05,"Sept"
"593",1990,"Sept",1.06,"Sept"
"594",1991,"Sept",0.48,"Sept"
"595",1992,"Sept",-0.44,"Sept"
"596",1993,"Sept",-0.57,"Sept"
"597",1994,"Sept",-1.32,"Sept"
"598",1995,"Sept",0.31,"Sept"
"599",1996,"Sept",-0.86,"Sept"
"600",1997,"Sept",0.61,"Sept"
"601",1998,"Sept",-2,"Sept"
"602",1999,"Sept",0.36,"Sept"
"603",2000,"Sept",-0.21,"Sept"
"604",2001,"Sept",-0.65,"Sept"
"605",2002,"Sept",-0.7,"Sept"
"606",2003,"Sept",0.01,"Sept"
"607",2004,"Sept",0.38,"Sept"
"608",2005,"Sept",0.63,"Sept"
"609",2006,"Sept",-1.62,"Sept"
"610",2007,"Sept",0.72,"Sept"
"611",2008,"Sept",1.02,"Sept"
"612",2009,"Sept",1.51,"Sept"
"613",2010,"Sept",-0.79,"Sept"
"614",2011,"Sept",0.54,"Sept"
"615",2012,"Sept",-0.59,"Sept"
"616",2013,"Sept",0.24,"Sept"
"617",2014,"Sept",1.62,"Sept"
"618",2015,"Sept",-0.65,"Sept"
"619",2016,"Sept",0.61,"Sept"
"620",2017,"Sept",-0.61,"Sept"
"621",2018,"Sept",1.67,"Sept"
"622",1950,"Oct",0.85,"Oct"
"623",1951,"Oct",1.87,"Oct"
"624",1952,"Oct",-0.73,"Oct"
"625",1953,"Oct",1.32,"Oct"
"626",1954,"Oct",0.6,"Oct"
"627",1955,"Oct",-1.47,"Oct"
"628",1956,"Oct",0.88,"Oct"
"629",1957,"Oct",1.32,"Oct"
"630",1958,"Oct",0.16,"Oct"
"631",1959,"Oct",0.89,"Oct"
"632",1960,"Oct",-1.73,"Oct"
"633",1961,"Oct",0.51,"Oct"
"634",1962,"Oct",0.41,"Oct"
"635",1963,"Oct",0.94,"Oct"
"636",1964,"Oct",0.74,"Oct"
"637",1965,"Oct",0.38,"Oct"
"638",1966,"Oct",-0.68,"Oct"
"639",1967,"Oct",0.07,"Oct"
"640",1968,"Oct",-2.3,"Oct"
"641",1969,"Oct",0.66,"Oct"
"642",1970,"Oct",-0.92,"Oct"
"643",1971,"Oct",0.58,"Oct"
"644",1972,"Oct",1.09,"Oct"
"645",1973,"Oct",-1.24,"Oct"
"646",1974,"Oct",0.49,"Oct"
"647",1975,"Oct",-0.54,"Oct"
"648",1976,"Oct",-0.08,"Oct"
"649",1977,"Oct",0.52,"Oct"
"650",1978,"Oct",1.93,"Oct"
"651",1979,"Oct",-0.3,"Oct"
"652",1980,"Oct",-1.77,"Oct"
"653",1981,"Oct",-1.35,"Oct"
"654",1982,"Oct",-0.74,"Oct"
"655",1983,"Oct",0.65,"Oct"
"656",1984,"Oct",-0.07,"Oct"
"657",1985,"Oct",0.9,"Oct"
"658",1986,"Oct",1.55,"Oct"
"659",1987,"Oct",0.14,"Oct"
"660",1988,"Oct",-1.08,"Oct"
"661",1989,"Oct",-0.03,"Oct"
"662",1990,"Oct",0.23,"Oct"
"663",1991,"Oct",-0.19,"Oct"
"664",1992,"Oct",-1.76,"Oct"
"665",1993,"Oct",-0.71,"Oct"
"666",1994,"Oct",-0.97,"Oct"
"667",1995,"Oct",0.19,"Oct"
"668",1996,"Oct",-0.33,"Oct"
"669",1997,"Oct",-1.7,"Oct"
"670",1998,"Oct",-0.29,"Oct"
"671",1999,"Oct",0.2,"Oct"
"672",2000,"Oct",0.92,"Oct"
"673",2001,"Oct",-0.24,"Oct"
"674",2002,"Oct",-2.28,"Oct"
"675",2003,"Oct",-1.26,"Oct"
"676",2004,"Oct",-1.1,"Oct"
"677",2005,"Oct",-0.98,"Oct"
"678",2006,"Oct",-2.24,"Oct"
"679",2007,"Oct",0.45,"Oct"
"680",2008,"Oct",-0.04,"Oct"
"681",2009,"Oct",-1.03,"Oct"
"682",2010,"Oct",-0.93,"Oct"
"683",2011,"Oct",0.39,"Oct"
"684",2012,"Oct",-2.06,"Oct"
"685",2013,"Oct",-1.28,"Oct"
"686",2014,"Oct",-1.27,"Oct"
"687",2015,"Oct",0.44,"Oct"
"688",2016,"Oct",0.41,"Oct"
"689",2017,"Oct",0.19,"Oct"
"690",2018,"Oct",0.93,"Oct"
"691",1950,"Nov",-1.26,"Nov"
"692",1951,"Nov",-0.39,"Nov"
"693",1952,"Nov",-1.13,"Nov"
"694",1953,"Nov",1.04,"Nov"
"695",1954,"Nov",0.4,"Nov"
"696",1955,"Nov",-1.29,"Nov"
"697",1956,"Nov",0.51,"Nov"
"698",1957,"Nov",0.73,"Nov"
"699",1958,"Nov",1.64,"Nov"
"700",1959,"Nov",0.41,"Nov"
"701",1960,"Nov",-0.51,"Nov"
"702",1961,"Nov",-0.62,"Nov"
"703",1962,"Nov",-0.23,"Nov"
"704",1963,"Nov",-1.27,"Nov"
"705",1964,"Nov",-0.01,"Nov"
"706",1965,"Nov",-1.66,"Nov"
"707",1966,"Nov",-0.04,"Nov"
"708",1967,"Nov",0.6,"Nov"
"709",1968,"Nov",-0.93,"Nov"
"710",1969,"Nov",-0.96,"Nov"
"711",1970,"Nov",-0.6,"Nov"
"712",1971,"Nov",-0.2,"Nov"
"713",1972,"Nov",0.54,"Nov"
"714",1973,"Nov",-0.93,"Nov"
"715",1974,"Nov",-0.54,"Nov"
"716",1975,"Nov",0.41,"Nov"
"717",1976,"Nov",0.17,"Nov"
"718",1977,"Nov",-0.07,"Nov"
"719",1978,"Nov",3.04,"Nov"
"720",1979,"Nov",0.53,"Nov"
"721",1980,"Nov",-0.37,"Nov"
"722",1981,"Nov",-0.38,"Nov"
"723",1982,"Nov",1.6,"Nov"
"724",1983,"Nov",-0.98,"Nov"
"725",1984,"Nov",-0.06,"Nov"
"726",1985,"Nov",-0.67,"Nov"
"727",1986,"Nov",2.29,"Nov"
"728",1987,"Nov",0.18,"Nov"
"729",1988,"Nov",-0.34,"Nov"
"730",1989,"Nov",0.16,"Nov"
"731",1990,"Nov",-0.24,"Nov"
"732",1991,"Nov",0.48,"Nov"
"733",1992,"Nov",1.19,"Nov"
"734",1993,"Nov",2.56,"Nov"
"735",1994,"Nov",0.64,"Nov"
"736",1995,"Nov",-1.38,"Nov"
"737",1996,"Nov",-0.56,"Nov"
"738",1997,"Nov",-0.9,"Nov"
"739",1998,"Nov",-0.28,"Nov"
"740",1999,"Nov",0.65,"Nov"
"741",2000,"Nov",-0.92,"Nov"
"742",2001,"Nov",0.63,"Nov"
"743",2002,"Nov",-0.18,"Nov"
"744",2003,"Nov",0.86,"Nov"
"745",2004,"Nov",0.73,"Nov"
"746",2005,"Nov",-0.31,"Nov"
"747",2006,"Nov",0.44,"Nov"
"748",2007,"Nov",0.58,"Nov"
"749",2008,"Nov",-0.32,"Nov"
"750",2009,"Nov",-0.02,"Nov"
"751",2010,"Nov",-1.62,"Nov"
"752",2011,"Nov",1.36,"Nov"
"753",2012,"Nov",-0.58,"Nov"
"754",2013,"Nov",0.9,"Nov"
"755",2014,"Nov",0.68,"Nov"
"756",2015,"Nov",1.74,"Nov"
"757",2016,"Nov",-0.16,"Nov"
"758",2017,"Nov",0,"Nov"
"759",2018,"Nov",-0.11,"Nov"
"760",1950,"Dec",-1.02,"Dec"
"761",1951,"Dec",1.32,"Dec"
"762",1952,"Dec",-0.43,"Dec"
"763",1953,"Dec",-0.47,"Dec"
"764",1954,"Dec",0.69,"Dec"
"765",1955,"Dec",0.17,"Dec"
"766",1956,"Dec",0.1,"Dec"
"767",1957,"Dec",0.12,"Dec"
"768",1958,"Dec",-0.7,"Dec"
"769",1959,"Dec",0.44,"Dec"
"770",1960,"Dec",0.06,"Dec"
"771",1961,"Dec",-1.48,"Dec"
"772",1962,"Dec",-1.32,"Dec"
"773",1963,"Dec",-1.92,"Dec"
"774",1964,"Dec",-0.15,"Dec"
"775",1965,"Dec",1.37,"Dec"
"776",1966,"Dec",0.72,"Dec"
"777",1967,"Dec",-0.45,"Dec"
"778",1968,"Dec",-1.4,"Dec"
"779",1969,"Dec",-0.28,"Dec"
"780",1970,"Dec",-1.2,"Dec"
"781",1971,"Dec",0.6,"Dec"
"782",1972,"Dec",0.19,"Dec"
"783",1973,"Dec",0.32,"Dec"
"784",1974,"Dec",1.5,"Dec"
"785",1975,"Dec",0,"Dec"
"786",1976,"Dec",-1.6,"Dec"
"787",1977,"Dec",-1,"Dec"
"788",1978,"Dec",-1.57,"Dec"
"789",1979,"Dec",1,"Dec"
"790",1980,"Dec",0.78,"Dec"
"791",1981,"Dec",-0.02,"Dec"
"792",1982,"Dec",1.78,"Dec"
"793",1983,"Dec",0.29,"Dec"
"794",1984,"Dec",0,"Dec"
"795",1985,"Dec",0.22,"Dec"
"796",1986,"Dec",0.99,"Dec"
"797",1987,"Dec",0.32,"Dec"
"798",1988,"Dec",0.61,"Dec"
"799",1989,"Dec",-1.15,"Dec"
"800",1990,"Dec",0.22,"Dec"
"801",1991,"Dec",0.46,"Dec"
"802",1992,"Dec",0.47,"Dec"
"803",1993,"Dec",1.56,"Dec"
"804",1994,"Dec",2.02,"Dec"
"805",1995,"Dec",-1.67,"Dec"
"806",1996,"Dec",-1.41,"Dec"
"807",1997,"Dec",-0.96,"Dec"
"808",1998,"Dec",0.87,"Dec"
"809",1999,"Dec",1.61,"Dec"
"810",2000,"Dec",-0.58,"Dec"
"811",2001,"Dec",-0.83,"Dec"
"812",2002,"Dec",-0.94,"Dec"
"813",2003,"Dec",0.64,"Dec"
"814",2004,"Dec",1.21,"Dec"
"815",2005,"Dec",-0.44,"Dec"
"816",2006,"Dec",1.34,"Dec"
"817",2007,"Dec",0.34,"Dec"
"818",2008,"Dec",-0.28,"Dec"
"819",2009,"Dec",-1.93,"Dec"
"820",2010,"Dec",-1.85,"Dec"
"821",2011,"Dec",2.52,"Dec"
"822",2012,"Dec",0.17,"Dec"
"823",2013,"Dec",0.95,"Dec"
"824",2014,"Dec",1.86,"Dec"
"825",2015,"Dec",2.24,"Dec"
"826",2016,"Dec",0.48,"Dec"
"827",2017,"Dec",0.88,"Dec"
"828",2018,"Dec",0.61,"Dec"
